t,rss_mb,private_mb,handles,threads,dl_MBps
1,17.6,52.4,282,14,23345705
2,17.6,52.3,290,12,28036932
3,17.0,51.7,290,12,23072422
4,17.7,52.3,290,12,24023150
5,17.1,51.7,290,12,21460744
6,17.6,52.6,290,12,23419060
7,17.5,52.4,290,12,27994827
8,19.3,54.2,290,12,18833494
9,17.2,52.0,290,12,24374647
10,18.1,53.0,290,14,25068570
11,17.7,52.5,290,14,26458542
12,17.4,52.3,290,14,26651547
13,18.1,53.0,290,14,24959539
14,17.6,52.4,290,12,28510352
15,18.1,52.9,290,12,25946081
16,17.9,52.7,290,12,23575889
17,18.0,52.8,290,12,24494234
18,17.7,52.5,290,12,24155328
19,18.1,52.9,290,12,30339753
20,17.8,52.6,290,13,27889305
